"Data Source","World Development Indicators",

"Last Updated Date","2019-12-20",

"Country Name","Country Code","Indicator Name","Indicator Code","1960","1961","1962","1963","1964","1965","1966","1967","1968","1969","1970","1971","1972","1973","1974","1975","1976","1977","1978","1979","1980","1981","1982","1983","1984","1985","1986","1987","1988","1989","1990","1991","1992","1993","1994","1995","1996","1997","1998","1999","2000","2001","2002","2003","2004","2005","2006","2007","2008","2009","2010","2011","2012","2013","2014","2015","2016","2017","2018","2019",
"Aruba","ABW","Government expenditure per student, secondary (% of GDP per capita)","SE.XPD.SECO.PC.ZS","","","","","","","","","","","","","","","","","","","","","","","","","","","","","","","","","","","","","","","","18.5621490478516","19.20419","20.24258","19.38926","","17.7411","17.61527","","","","","","","25.09743","","","","","","","",
"Afghanistan","AFG","Government expenditure per student, secondary (% of GDP per capita)","SE.XPD.SECO.PC.ZS","","","","","","","","","","","","","","","","","","","","","","","","","","","","","","","","","","","","","","","","","","","","","","","","","","","10.84946","10.45496","7.53273","9.3802","9.91095","8.3978","11.9737","11.03669","","",
"Angola","AGO","Government expenditure per student, secondary (% of GDP per capita)","SE.XPD.SECO.PC.ZS","","","","","","","","","","","","","","","","","","","","","","","","","","","","","","","","","","","","","","","","","","","","","","","","","","","","","","","","","","","","",
"Albania","ALB","Government expenditure per student, secondary (% of GDP per capita)","SE.XPD.SECO.PC.ZS","","","","","","","","","","","","","","","","","","","","","","","","","","","","","","","","","","","","","","","","","","","","","","","","","","","","","","5.86682","","6.78368","9.80412","","","",
"Andorra","AND","Government expenditure per student, secondary (% of GDP per capita)","SE.XPD.SECO.PC.ZS","","","","","","","","","","","","","","","","","","","","","","","","","","","","","","","","","","","","","","","","","","","6.07701","","6.70211","6.94716","9.91944","11.05092","","17.78778","13.31665","13.52793","","16.37783","11.27614","14.38872","13.63356","13.55899","","",
"Arab World","ARB","Government expenditure per student, secondary (% of GDP per capita)","SE.XPD.SECO.PC.ZS","","","","","","","","","","","","","","","","","","","","","","","","","","","","","","","","","","","","","","","","","","","","","","","","","","","","","","","","","","","","",
"United Arab Emirates","ARE","Government expenditure per student, secondary (% of GDP per capita)","SE.XPD.SECO.PC.ZS","","","","","","","","","","","","","","","","","","","","","","","","","","","","","","","","","","","","","","","8.22080993652344","","","","","","","","","","","","","","","","","","","","","",
"Argentina","ARG","Government expenditure per student, secondary (% of GDP per capita)","SE.XPD.SECO.PC.ZS","","","","","","","","","","","","","","","","","","","","","","","","","","","","","","","","","","","","","","","15.1888704299927","16.6832408905029","15.82506","16.79923","15.24695","12.5936","12.87624","16.08884","16.50663","17.66606","19.01032","21.96606","19.26102","20.68116","20.86026","21.76005","21.4458","23.01282","21.82357","20.90316","","",
"Armenia","ARM","Government expenditure per student, secondary (% of GDP per capita)","SE.XPD.SECO.PC.ZS","","","","","","","","","","","","","","","","","","","","","","","","","","","","","","","","","","","","","","","","","","","","","","","","","","","","","","14.84919","14.54509","","","","","",
"American Samoa","ASM","Government expenditure per student, secondary (% of GDP per capita)","SE.XPD.SECO.PC.ZS","","","","","","","","","","","","","","","","","","","","","","","","","","","","","","","","","","","","","","","","","","","","","","","","","","","","","","","","","","","","",
"Antigua and Barbuda","ATG","Government expenditure per student, secondary (% of GDP per capita)","SE.XPD.SECO.PC.ZS","","","","","","","","","","","","","","","","","","","","","","","","","","","","","","","","","","","","","","","","","","","","","","","","","","13.32198","","10.51972","","","","","","","","",
"Australia","AUS","Government expenditure per student, secondary (% of GDP per capita)","SE.XPD.SECO.PC.ZS","","","","","","","","","","","","","","","","","","","","","","","","","","","","","","","","","","","","16.0317192077637","","","","","","","","","","","","","","","","","16.11819","16.80209","16.57561","17.16783","15.00606","","","",
"Austria","AUT","Government expenditure per student, secondary (% of GDP per capita)","SE.XPD.SECO.PC.ZS","","","","","","","","","","","","","","","","","","","","","","","","","","","","","","","","","","","","","","","28.9287109375","29.2927207946777","27.16046","27.05851","27.00313","27.87828","26.59278","25.39476","25.70922","25.40733","26.29943","29.28391","28.43686","29.42218","26.71204","27.58908","27.05619","27.293","27.72044","","","",
"Azerbaijan","AZE","Government expenditure per student, secondary (% of GDP per capita)","SE.XPD.SECO.PC.ZS","","","","","","","","","","","","","","","","","","","","","","","","","","","","","","","","","","","","","","","","","","","","","","","","","","","","","","","","","","","","",
"Burundi","BDI","Government expenditure per student, secondary (% of GDP per capita)","SE.XPD.SECO.PC.ZS","","","","","","","","","","","","","","","","","","","","","","","","","","","","","","","","","","","","","","","","","","53.55431","52.89856","","52.03416","52.17241","","","","45.13586","","39.20752","33.13357","31.04009","","","","","","",
"Belgium","BEL","Government expenditure per student, secondary (% of GDP per capita)","SE.XPD.SECO.PC.ZS","","","","","","","","","","","","","","","","","","","","","","","","","","","","","","","","","","","","","","","","","","","","","","","","","","","","","","","","","","","","",
"Benin","BEN","Government expenditure per student, secondary (% of GDP per capita)","SE.XPD.SECO.PC.ZS","","","","","","","","","","","","","","","","","","","","","","","","","","","","","","","","","","","","","","","","","22.23022","22.36552","18.23596","20.13692","22.61676","","","","","","","","","13.80194","12.29558","10.83762","","","","",
"Burkina Faso","BFA","Government expenditure per student, secondary (% of GDP per capita)","SE.XPD.SECO.PC.ZS","","","","","","","","","","","","","","","","","","","","","","","","","","","","","","","","","","","","","0","","","","","","","","","20.79333","22.28991","29.17324","","","20.56827","16.7919","15.75086","14.37685","16.09683","17.26223","18.5179","","","",
"Bangladesh","BGD","Government expenditure per student, secondary (% of GDP per capita)","SE.XPD.SECO.PC.ZS","","","","","","","","","","","","","","","","","","","","","","","","","","","","","","","","","","","","","","","","10.2986698150635","9.58472","","10.73678","11.62872","12.62543","","12.94913","12.46018","11.89506","10.61702","12.92962","11.5664","10.74228","","","","10.19526","","","",
"Bulgaria","BGR","Government expenditure per student, secondary (% of GDP per capita)","SE.XPD.SECO.PC.ZS","","","","","","","","","","","","","","","","","","","","","","","","","","","","","","","","","","","","","","","14.0348901748657","","","18.35665","18.06848","19.61038","10.20155","21.24796","20.14105","19.45861","22.49","23.16314","22.55142","20.11753","18.64337","21.816","","","","","","",
"Bahrain","BHR","Government expenditure per student, secondary (% of GDP per capita)","SE.XPD.SECO.PC.ZS","","","","","","","","","","","","","","","","","","","","","","","","","","","","","","","","","","","","","","","","","","","","","","","","","","","","","","15.91296","15.76307","17.50837","","","","",
"Bahamas, The","BHS","Government expenditure per student, secondary (% of GDP per capita)","SE.XPD.SECO.PC.ZS","","","","","","","","","","","","","","","","","","","","","","","","","","","","","","","","","","","","","","","","","","","","","","","","","","","","","","","","","","","","",
"Bosnia and Herzegovina","BIH","Government expenditure per student, secondary (% of GDP per capita)","SE.XPD.SECO.PC.ZS","","","","","","","","","","","","","","","","","","","","","","","","","","","","","","","","","","","","","","","","","","","","","","","","","","","","","","","","","45.19646","","","",
"Belarus","BLR","Government expenditure per student, secondary (% of GDP per capita)","SE.XPD.SECO.PC.ZS","","","","","","","","","","","","","","","","","","","","","","","","","","","","","","","","","","","","","","","","","","","","","","","","","","","","","","","","","","35.85234","","",
"Belize","BLZ","Government expenditure per student, secondary (% of GDP per capita)","SE.XPD.SECO.PC.ZS","","","","","","","","","","","","","","","","","","","","","","","","","","","","","","","","","","","","","","","","17.9805107116699","15.78743","","","","19.20321","20.47607","20.64553","","22.0034","23.49593","26.11324","","23.04871","21.84751","23.69795","25.882","25.99189","27.21114","","",
"Bermuda","BMU","Government expenditure per student, secondary (% of GDP per capita)","SE.XPD.SECO.PC.ZS","","","","","","","","","","","","","","","","","","","","","","","","","","","","","","","","","","","","","","","","","","","","","12.34193","14.02632","","","","","17.8416","","","","12.55218","","","","","",
"Bolivia","BOL","Government expenditure per student, secondary (% of GDP per capita)","SE.XPD.SECO.PC.ZS","","","","","","","","","","","","","","","","","","","","","","","","","","","","","","","","","","","","","","","12.0376901626587","11.7765102386475","10.5359","","13.7986","14.20995","","","14.37635","","16.62207","19.43481","18.72635","17.87643","12.95161","18.94472","18.10119","","","","","",
"Brazil","BRA","Government expenditure per student, secondary (% of GDP per capita)","SE.XPD.SECO.PC.ZS","","","","","","","","","","","","","","","","","","","","","","","","","","","","","","","","","","","","","","","","","","","10.17978","","11.48961","13.06129","","17.70937","19.16278","20.11275","21.0939","21.98007","19.79306","20.71352","20.71504","21.68345","","","","",
"Barbados","BRB","Government expenditure per student, secondary (% of GDP per capita)","SE.XPD.SECO.PC.ZS","","","","","","","","","","","","","","","","","","","","","","","","","","","","","","","","","","","","","","","","17.3393993377686","21.02009","25.18568","25.31278","27.77281","24.5109","22.45786","","22.80619","19.63863","20.6175","25.54576","","","","19.19867","","27.93029","","","",
"Brunei Darussalam","BRN","Government expenditure per student, secondary (% of GDP per capita)","SE.XPD.SECO.PC.ZS","","","","","","","","","","","","","","","","","","","","","","","","","","","","","","","","","","","","","","","","","","","","","","","","","","","7.63604","","","","10.17226","","23.79473","","","",
"Bhutan","BTN","Government expenditure per student, secondary (% of GDP per capita)","SE.XPD.SECO.PC.ZS","","","","","","","","","","","","","","","","","","","","","","","","","","","","","","","","","","","","","","","","","","","","","","","","","37.47789","34.87235","27.39718","31.99499","","34.754","36.55831","32.07231","","","","",
"Botswana","BWA","Government expenditure per student, secondary (% of GDP per capita)","SE.XPD.SECO.PC.ZS","","","","","","","","","","","","","","","","","","","","","","","","","","","","","","","","","","","","","","","","","","","","","","45.12753","","41.69766","","36.44089","","","","","","","","","","",
"Central African Republic","CAF","Government expenditure per student, secondary (% of GDP per capita)","SE.XPD.SECO.PC.ZS","","","","","","","","","","","","","","","","","","","","","","","","","","","","","","","","","","","","","","","","","","","","","","","","","","16.27007","","","","","","","","","","",
"Canada","CAN","Government expenditure per student, secondary (% of GDP per capita)","SE.XPD.SECO.PC.ZS","","","","","","","","","","","","","","","","","","","","","","","","","","","","","","","","","","","","","","","","","","","","","","","","","","","","18.32904","","","","","","","","",
"Central Europe and the Baltics","CEB","Government expenditure per student, secondary (% of GDP per capita)","SE.XPD.SECO.PC.ZS","","","","","","","","","","","","","","","","","","","","","","","","","","","","","","","","","","","","","","","","","","","","","","","","","","","","","","","","","","","","",
"Switzerland","CHE","Government expenditure per student, secondary (% of GDP per capita)","SE.XPD.SECO.PC.ZS","","","","","","","","","","","","","","","","","","","","","","","","","","","","","","","","","","","","","","","26.0406799316406","25.2932395935059","24.66126","25.29121","26.88653","26.6065","25.46407","25.36203","23.84324","22.80694","28.20173","26.9248","26.2857","25.89147","25.97821","26.41812","26.39044","24.45516","","","","",
"Channel Islands","CHI","Government expenditure per student, secondary (% of GDP per capita)","SE.XPD.SECO.PC.ZS","","","","","","","","","","","","","","","","","","","","","","","","","","","","","","","","","","","","","","","","","","","","","","","","","","","","","","","","","","","","",
"Chile","CHL","Government expenditure per student, secondary (% of GDP per capita)","SE.XPD.SECO.PC.ZS","","","","","","","","","","","","","","","","","","","","","","","","","","","","","","","","","","","","","","","13.2886199951172","","14.19524","","15.03715","15.43612","13.46929","12.60374","11.65081","12.61593","15.0607","16.41491","15.15556","15.09014","16.36463","14.92561","14.97594","16.44007","18.20487","18.30614","","",
"China","CHN","Government expenditure per student, secondary (% of GDP per capita)","SE.XPD.SECO.PC.ZS","","","","","","","","","","","","","","","","","","","","","","","","","","","","","","","","","","","","","","","","11.4272603988647","","","","","","","","","","","","","","","","","","","","",
"Cote d'Ivoire","CIV","Government expenditure per student, secondary (% of GDP per capita)","SE.XPD.SECO.PC.ZS","","","","","","","","","","","","","","","","","","","","","","","","","","","","","","","","","","","","","","","","42.041618347168","","","","","","","","","","","","","","","26.74227","23.49484","22.70128","20.198","","",
"Cameroon","CMR","Government expenditure per student, secondary (% of GDP per capita)","SE.XPD.SECO.PC.ZS","","","","","","","","","","","","","","","","","","","","","","","","","","","","","","","","","","","","","","","","","","","","","","33.34648","35.72989","30.34087","23.67874","25.66798","","17.62264","17.44042","","","","","","","",
"Congo, Dem. Rep.","COD","Government expenditure per student, secondary (% of GDP per capita)","SE.XPD.SECO.PC.ZS","","","","","","","","","","","","","","","","","","","","","","","","","","","","","","","","","","","","","","","","","","","","","","","","","","","9.52616","","","5.28554","","","","","","",
"Congo, Rep.","COG","Government expenditure per student, secondary (% of GDP per capita)","SE.XPD.SECO.PC.ZS","","","","","","","","","","","","","","","","","","","","","","","","","","","","","","","","","","","","","","","","","","","16.99042","","","","","","","","","","","","","","","","","",
"Colombia","COL","Government expenditure per student, secondary (% of GDP per capita)","SE.XPD.SECO.PC.ZS","","","","","","","","","","","","","","","","","","","","","","","","","","","","","","","","","","","","","","","14.3180904388428","16.3853092193604","13.14589","","","","15.35972","14.677","","10.06177","14.93706","15.20924","15.23919","14.66789","14.93215","16.52863","17.18327","15.92333","15.79061","17.1803","","",
"Comoros","COM","Government expenditure per student, secondary (% of GDP per capita)","SE.XPD.SECO.PC.ZS","","","","","","","","","","","","","","","","","","","","","","","","","","","","","","","","","","","","","","","","","","","15.23286","","","","","","","","","","","7.28921","8.48159","","","","","",
"Cabo Verde","CPV","Government expenditure per student, secondary (% of GDP per capita)","SE.XPD.SECO.PC.ZS","","","","","","","","","","","","","","","","","","","","","","","","","","","","","","","","","","","","","","","","","","","22.11681","","","","19.72899","16.8749","13.95985","14.309","","15.30969","","16.81963","16.60136","18.94448","20.19064","19.9864","","",
"Costa Rica","CRI","Government expenditure per student, secondary (% of GDP per capita)","SE.XPD.SECO.PC.ZS","","","","","","","","","","","","","","","","","","","","","","","","","","","","","","","","","","","","","","","","23.8923397064209","20.15528","21.22535","23.19713","","16.84509","","16.06278","16.90337","17.72471","20.93383","22.96996","23.05647","24.10924","24.28808","23.74932","24.91886","23.83237","24.6195","","",
"Caribbean small states","CSS","Government expenditure per student, secondary (% of GDP per capita)","SE.XPD.SECO.PC.ZS","","","","","","","","","","","","","","","","","","","","","","","","","","","","","","","","","","","","","","","","","","","","","","","","","","","","","","","","","","","","",
"Cuba","CUB","Government expenditure per student, secondary (% of GDP per capita)","SE.XPD.SECO.PC.ZS","","","","","","","","","","","","","","","","","","","","","","","","","","","","","","","","","","","","","","","","37.2178382873535","41.28862","40.66805","44.13755","","44.3005","47.86917","42.83673","53.75966","53.97547","51.15134","52.35203","","","","","","","","","",
"Curacao","CUW","Government expenditure per student, secondary (% of GDP per capita)","SE.XPD.SECO.PC.ZS","","","","","","","","","","","","","","","","","","","","","","","","","","","","","","","","","","","","","","","","","","","","","","","","","","","","","","22.93856","","","","","","",
"Cayman Islands","CYM","Government expenditure per student, secondary (% of GDP per capita)","SE.XPD.SECO.PC.ZS","","","","","","","","","","","","","","","","","","","","","","","","","","","","","","","","","","","","","","","","","","","","","","19.46321","23.62635","","","","","","","","","","","","","",
"Cyprus","CYP","Government expenditure per student, secondary (% of GDP per capita)","SE.XPD.SECO.PC.ZS","","","","","","","","","","","","","","","","","","","","","","","","","","","","","","","","","","","","","","","","26.2732601165771","27.34898","28.15135","31.00717","33.95926","31.40003","32.41409","32.20445","32.53328","34.58471","37.3322","36.8753","37.82297","","38.33015","37.24","39.39051","","","","",
"Czech Republic","CZE","Government expenditure per student, secondary (% of GDP per capita)","SE.XPD.SECO.PC.ZS","","","","","","","","","","","","","","","","","","","","","","","","","","","","","","","","","","","","","","","18.8668899536133","20.0998592376709","19.44741","19.16585","20.59708","21.30214","21.12918","20.9006","21.09548","20.1969","20.79512","23.27179","23.26577","23.84082","24.1497","23.74451","23.53828","23.6677","22.30415","","","",
"Germany","DEU","Government expenditure per student, secondary (% of GDP per capita)","SE.XPD.SECO.PC.ZS","","","","","","","","","","","","","","","","","","","","","","","","","","","","","","","","","","","","","","","20.1030406951904","","","","","","","","20.20887","21.09132","21.07791","23.85787","23.88146","22.84118","23.04534","23.18698","23.19245","23.00137","22.95939","","","",
"Djibouti","DJI","Government expenditure per student, secondary (% of GDP per capita)","SE.XPD.SECO.PC.ZS","","","","","","","","","","","","","","","","","","","","","","","","","","","","","","","","","","","","","","","","","","","","","","","","","31.31599","","","","","","","1.05411","0.73819","","","",
"Dominica","DMA","Government expenditure per student, secondary (% of GDP per capita)","SE.XPD.SECO.PC.ZS","","","","","","","","","","","","","","","","","","","","","","","","","","","","","","","","","","","","","","","","","","","","","","","","12.52343","14.95846","13.87027","15.29669","","","","","19.22397","","","","",
"Denmark","DNK","Government expenditure per student, secondary (% of GDP per capita)","SE.XPD.SECO.PC.ZS","","","","","","","","","","","","","","","","","","","","","","","","","","","","","","","","","","","","","","","37.1664886474609","37.2645606994629","37.21645","33.88396","34.84693","33.90777","34.44314","34.25592","33.52993","31.34546","30.44642","31.87938","32.50973","29.22917","27.67433","27.91977","31.13589","","","","","",
"Dominican Republic","DOM","Government expenditure per student, secondary (% of GDP per capita)","SE.XPD.SECO.PC.ZS","","","","","","","","","","","","","","","","","","","","","","","","","","","","","","","","","","","","","","","","","","","","","3.17667","4.66991","","3.79427","5.99422","6.90383","6.44402","6.66173","8.11432","12.84202","13.00562","13.38797","15.10209","19.08723","","",
"Algeria","DZA","Government expenditure per student, secondary (% of GDP per capita)","SE.XPD.SECO.PC.ZS","","","","","","","","","","","","","","","","","","","","","","","","","","","","","","","","","","","","","","","","21.1600093841553","17.44376","","17.90461","17.93266","","","","","","","","","","","","","","","","",
"East Asia & Pacific (excluding high income)","EAP","Government expenditure per student, secondary (% of GDP per capita)","SE.XPD.SECO.PC.ZS","","","","","","","","","","","","","","","","","","","","","","","","","","","","","","","","","","","","","","","","","","","","","","","","","","","","","","","","","","","","",
"Early-demographic dividend","EAR","Government expenditure per student, secondary (% of GDP per capita)","SE.XPD.SECO.PC.ZS","","","","","","","","","","","","","","","","","","","","","","","","","","","","","","","","","","","","","","","","","","","","","","","","","","","","","","","","","","","","",
"East Asia & Pacific","EAS","Government expenditure per student, secondary (% of GDP per capita)","SE.XPD.SECO.PC.ZS","","","","","","","","","","","","","","","","","","","","","","","","","","","","","","","","","","","","","","","","","","","","","","","","","","","","","","","","","","","","",
"Europe & Central Asia (excluding high income)","ECA","Government expenditure per student, secondary (% of GDP per capita)","SE.XPD.SECO.PC.ZS","","","","","","","","","","","","","","","","","","","","","","","","","","","","","","","","","","","","","","","","","","","","","","","","","","","","","","","","","","","","",
"Europe & Central Asia","ECS","Government expenditure per student, secondary (% of GDP per capita)","SE.XPD.SECO.PC.ZS","","","","","","","","","","","","","","","","","","","","","","","","","","","","","","","","","","","","","","","","","","","","","","","","","","","","","","","","","","","","",
"Ecuador","ECU","Government expenditure per student, secondary (% of GDP per capita)","SE.XPD.SECO.PC.ZS","","","","","","","","","","","","","","","","","","","","","","","","","","","","","","","","","","","","","","","","8.29117012023926","5.36367","","","","","","","","","4.3592","4.24409","4.56628","4.44366","5.06915","4.92816","5.05808","5.25131","","","",
"Egypt, Arab Rep.","EGY","Government expenditure per student, secondary (% of GDP per capita)","SE.XPD.SECO.PC.ZS","","","","","","","","","","","","","","","","","","","","","","","","","","","","","","","","","","","","","","","","","","","","","","","","","","","","","","","","","","13.97834","","",
"Euro area","EMU","Government expenditure per student, secondary (% of GDP per capita)","SE.XPD.SECO.PC.ZS","","","","","","","","","","","","","","","","","","","","","","","","","","","","","","","","","","","","","","","","","","","","","","","","","","","","","","","","","","","","",
"Eritrea","ERI","Government expenditure per student, secondary (% of GDP per capita)","SE.XPD.SECO.PC.ZS","","","","","","","","","","","","","","","","","","","","","","","","","","","","","","","","","","","","","","","","","","31.34161","29.53499","","13.20338","","","","","","","","","","","","","","","",
"Spain","ESP","Government expenditure per student, secondary (% of GDP per capita)","SE.XPD.SECO.PC.ZS","","","","","","","","","","","","","","","","","","","","","","","","","","","","","","","","","","","","","","","23.8774890899658","24.0575199127197","22.833","22.10772","22.83037","23.18286","23.213","22.88599","23.46748","23.70022","25.37782","27.61234","26.05485","25.89151","21.01442","18.50276","18.22419","18.49989","18.88163","","","",
"Estonia","EST","Government expenditure per student, secondary (% of GDP per capita)","SE.XPD.SECO.PC.ZS","","","","","","","","","","","","","","","","","","","","","","","","","","","","","","","","","","","","","","","22.2754707336426","27.3502998352051","","25.1553","25.05491","26.16631","24.89156","22.16617","","21.99219","28.22469","29.0147","26.23498","26.74186","24.53949","20.45976","19.57592","17.84104","19.13909","","","",
"Ethiopia","ETH","Government expenditure per student, secondary (% of GDP per capita)","SE.XPD.SECO.PC.ZS","","","","","","","","","","","","","","","","","","","","","","","","","","","","","","","","","","","","","","","","","","","","","","","","","","22.36489","21.938","25.29805","18.09334","","","16.64007","","","","",
"European Union","EUU","Government expenditure per student, secondary (% of GDP per capita)","SE.XPD.SECO.PC.ZS","","","","","","","","","","","","","","","","","","","","","","","","","","","","","","","","","","","","","","","","","","","","","","","","","","","","","","","","","","","","",
"Fragile and conflict affected situations","FCS","Government expenditure per student, secondary (% of GDP per capita)","SE.XPD.SECO.PC.ZS","","","","","","","","","","","","","","","","","","","","","","","","","","","","","","","","","","","","","","","","","","","","","","","","","","","","","","","","","","","","",
"Finland","FIN","Government expenditure per student, secondary (% of GDP per capita)","SE.XPD.SECO.PC.ZS","","","","","","","","","","","","","","","","","","","","","","","","","","","","","","","","","","","","","","","","24.9359703063965","23.22704","24.30857","25.32816","25.99888","31.06666","30.83827","30.50341","29.59148","30.83062","34.36908","34.8965","34.70223","25.94711","26.1282","26.07076","25.80386","24.75238","","","",
"Fiji","FJI","Government expenditure per student, secondary (% of GDP per capita)","SE.XPD.SECO.PC.ZS","","","","","","","","","","","","","","","","","","","","","","","","","","","","","","","","","","","","","","","","","","","","","16.12018","","","","","","","5.71726","","","","","","","","",
"France","FRA","Government expenditure per student, secondary (% of GDP per capita)","SE.XPD.SECO.PC.ZS","","","","","","","","","","","","","","","","","","","","","","","","","","","","","","","","","","","","","","","","28.8290996551514","28.40943","28.30957","28.50882","29.87055","29.28621","","","","","","","","","","","","","","","",
"Faroe Islands","FRO","Government expenditure per student, secondary (% of GDP per capita)","SE.XPD.SECO.PC.ZS","","","","","","","","","","","","","","","","","","","","","","","","","","","","","","","","","","","","","","","","","","","","","","","","","","","","","","","","","","","","",
"Micronesia, Fed. Sts.","FSM","Government expenditure per student, secondary (% of GDP per capita)","SE.XPD.SECO.PC.ZS","","","","","","","","","","","","","","","","","","","","","","","","","","","","","","","","","","","","","","","","","","","","","","","","","","","","","","","","","","","","",
"Gabon","GAB","Government expenditure per student, secondary (% of GDP per capita)","SE.XPD.SECO.PC.ZS","","","","","","","","","","","","","","","","","","","","","","","","","","","","","","","","","","","","","","","","","","","","","","","","","","","","","","","","","","","","",
"United Kingdom","GBR","Government expenditure per student, secondary (% of GDP per capita)","SE.XPD.SECO.PC.ZS","","","","","","","","","","","","","","","","","","","","","","","","","","","","","","","","","","","","","","","22.6755905151367","21.1376399993896","21.90981","21.9474","23.7001","25.07658","23.86169","23.52279","24.51716","25.60264","24.69042","28.56748","31.34917","29.454","","22.60496","22.87626","23.05669","21.18688","","","",
"Georgia","GEO","Government expenditure per student, secondary (% of GDP per capita)","SE.XPD.SECO.PC.ZS","","","","","","","","","","","","","","","","","","","","","","","","","","","","","","","","","","","","","","","","","","","","","","","","","13.60173","","","","","","","","","","","",
"Ghana","GHA","Government expenditure per student, secondary (% of GDP per capita)","SE.XPD.SECO.PC.ZS","","","","","","","","","","","","","","","","","","","","","","","","","","","","","","","","","","","","","","","","","","39.90213","","","38.16628","34.95452","26.07959","22.95523","23.23184","24.47634","","25.09025","37.61105","18.3293","19.08044","","","","","",
"Gibraltar","GIB","Government expenditure per student, secondary (% of GDP per capita)","SE.XPD.SECO.PC.ZS","","","","","","","","","","","","","","","","","","","","","","","","","","","","","","","","","","","","","","","","","","","","","","","","","","","","","","","","","","","","",
"Guinea","GIN","Government expenditure per student, secondary (% of GDP per capita)","SE.XPD.SECO.PC.ZS","","","","","","","","","","","","","","","","","","","","","","","","","","","","","","","","","","","","","","","","","","","","","","","","","4.00137","","","8.48585","7.23068","","8.73301","","","","","",
"Gambia, The","GMB","Government expenditure per student, secondary (% of GDP per capita)","SE.XPD.SECO.PC.ZS","","","","","","","","","","","","","","","","","","","","","","","","","","","","","","","","","","","","","","","","","","","","","","","","","13.91272","12.30679","13.2297","","","","","","","","","",
"Guinea-Bissau","GNB","Government expenditure per student, secondary (% of GDP per capita)","SE.XPD.SECO.PC.ZS","","","","","","","","","","","","","","","","","","","","","","","","","","","","","","","","","","","","","","","","","","","","","","","","","","","","","","","","","","","","",
"Equatorial Guinea","GNQ","Government expenditure per student, secondary (% of GDP per capita)","SE.XPD.SECO.PC.ZS","","","","","","","","","","","","","","","","","","","","","","","","","","","","","","","","","","","","","","","","","","","","","","","","","","","","","","","","","","","","",
"Greece","GRC","Government expenditure per student, secondary (% of GDP per capita)","SE.XPD.SECO.PC.ZS","","","","","","","","","","","","","","","","","","","","","","","","","","","","","","","","","","","","","","","12.9535799026489","14.439640045166","19.2162","16.73024","16.83906","19.13739","19.42418","19.65074","","","","","","","","","","22.46185","22.448","","","",
"Grenada","GRD","Government expenditure per student, secondary (% of GDP per capita)","SE.XPD.SECO.PC.ZS","","","","","","","","","","","","","","","","","","","","","","","","","","","","","","","","","","","","","","","","","","","","9.65223","","","","","","","","","","","","","27.9625","10.59307","","",
"Greenland","GRL","Government expenditure per student, secondary (% of GDP per capita)","SE.XPD.SECO.PC.ZS","","","","","","","","","","","","","","","","","","","","","","","","","","","","","","","","","","","","","","","","","","","","","","","","","","","","","","","","","","","","",
"Guatemala","GTM","Government expenditure per student, secondary (% of GDP per capita)","SE.XPD.SECO.PC.ZS","","","","","","","","","","","","","","","","","","","","","","","","","","","","","","","","","","","","","","","","","4.43312","5.43449","4.13167","","4.38736","4.47158","4.99263","6.07243","6.33342","","5.22224","4.56617","4.85156","5.46883","5.55763","5.06996","5.12456","5.09228","","",
"Guam","GUM","Government expenditure per student, secondary (% of GDP per capita)","SE.XPD.SECO.PC.ZS","","","","","","","","","","","","","","","","","","","","","","","","","","","","","","","","","","","","","","","","","","","","","","","","","","","","","","","","","","","","",
"Guyana","GUY","Government expenditure per student, secondary (% of GDP per capita)","SE.XPD.SECO.PC.ZS","","","","","","","","","","","","","","","","","","","","","","","","","","","","","","","","","","","","","","","","","","","","","","","","10.31904","","9.61519","11.25891","10.37798","9.27344","","","","","","","",
"High income","HIC","Government expenditure per student, secondary (% of GDP per capita)","SE.XPD.SECO.PC.ZS","","","","","","","","","","","","","","","","","","","","","","","","","","","","","","","","","","","","","","","","","","","","","","","","","","","","","","","","","","","","",
"Hong Kong SAR, China","HKG","Government expenditure per student, secondary (% of GDP per capita)","SE.XPD.SECO.PC.ZS","","","","","","","","","","","","","","","","","","","","","","","","","","","","","","","","","","","","","","","","","","","17.57671","19.06971","20.23283","19.03143","17.3331","15.79267","14.94756","16.04725","17.11238","17.3341","17.11454","18.66867","19.30654","20.3016","21.33223","22.20112","22.04431","",
"Honduras","HND","Government expenditure per student, secondary (% of GDP per capita)","SE.XPD.SECO.PC.ZS","","","","","","","","","","","","","","","","","","","","","","","","","","","","","","","","","","","","","","","","","","","","","","","","","","","","","","20.0165","","","","","","",
"Heavily indebted poor countries (HIPC)","HPC","Government expenditure per student, secondary (% of GDP per capita)","SE.XPD.SECO.PC.ZS","","","","","","","","","","","","","","","","","","","","","","","","","","","","","","","","","","","","","","","","","","","","","","","","","","","","","","","","","","","","",
"Croatia","HRV","Government expenditure per student, secondary (% of GDP per capita)","SE.XPD.SECO.PC.ZS","","","","","","","","","","","","","","","","","","","","","","","","","","","","","","","","","","","","","","","","","","","","","","","","","","","","","","","","","","","","",
"Haiti","HTI","Government expenditure per student, secondary (% of GDP per capita)","SE.XPD.SECO.PC.ZS","","","","","","","","","","","","","","","","","","","","","","","","","","","","","","","","","","","","","","","","","","","","","","","","","","","","","","","","","","","","",
"Hungary","HUN","Government expenditure per student, secondary (% of GDP per capita)","SE.XPD.SECO.PC.ZS","","","","","","","","","","","","","","","","","","","","","","","","","","","","","","","","","","","","","","","17.963659286499","18.6181392669678","20.04444","19.34743","20.45283","26.08295","23.05623","22.6056","22.7505","22.86989","22.40992","22.1381","21.2401","20.45278","18.50098","16.31046","23.07045","21.17405","23.05651","","","",
"IBRD only","IBD","Government expenditure per student, secondary (% of GDP per capita)","SE.XPD.SECO.PC.ZS","","","","","","","","","","","","","","","","","","","","","","","","","","","","","","","","","","","","","","","","","","","","","","","","","","","","","","","","","","","","",
"IDA & IBRD total","IBT","Government expenditure per student, secondary (% of GDP per capita)","SE.XPD.SECO.PC.ZS","","","","","","","","","","","","","","","","","","","","","","","","","","","","","","","","","","","","","","","","","","","","","","","","","","","","","","","","","","","","",
"IDA total","IDA","Government expenditure per student, secondary (% of GDP per capita)","SE.XPD.SECO.PC.ZS","","","","","","","","","","","","","","","","","","","","","","","","","","","","","","","","","","","","","","","","","","","","","","","","","","","","","","","","","","","","",
"IDA blend","IDB","Government expenditure per student, secondary (% of GDP per capita)","SE.XPD.SECO.PC.ZS","","","","","","","","","","","","","","","","","","","","","","","","","","","","","","","","","","","","","","","","","","","","","","","","","","","","","","","","","","","","",
"Indonesia","IDN","Government expenditure per student, secondary (% of GDP per capita)","SE.XPD.SECO.PC.ZS","","","","","","","","","","","","","","","","","","","","","","","","","","","","","","","","","","","","","","","","","","","","","","","","9.51432","9.45166","11.01975","8.30384","","10.29652","9.87399","9.95319","10.51316","","","","",
"IDA only","IDX","Government expenditure per student, secondary (% of GDP per capita)","SE.XPD.SECO.PC.ZS","","","","","","","","","","","","","","","","","","","","","","","","","","","","","","","","","","","","","","","","","","","","","","","","","","","","","","","","","","","","",
"Isle of Man","IMN","Government expenditure per student, secondary (% of GDP per capita)","SE.XPD.SECO.PC.ZS","","","","","","","","","","","","","","","","","","","","","","","","","","","","","","","","","","","","","","","","","","","","","","","","","","","","","","","","","","","","",
"India","IND","Government expenditure per student, secondary (% of GDP per capita)","SE.XPD.SECO.PC.ZS","","","","","","","","","","","","","","","","","","","","","","","","","","","","","","","","","","","","","","","","25.2762107849121","25.25283","23.86897","","20.24391","18.2814","17.21526","16.69642","","","13.55335","14.08641","15.18774","15.68077","16.81842","","","","","","",
"Not classified","INX","Government expenditure per student, secondary (% of GDP per capita)","SE.XPD.SECO.PC.ZS","","","","","","","","","","","","","","","","","","","","","","","","","","","","","","","","","","","","","","","","","","","","","","","","","","","","","","","","","","","","",
"Ireland","IRL","Government expenditure per student, secondary (% of GDP per capita)","SE.XPD.SECO.PC.ZS","","","","","","","","","","","","","","","","","","","","","","","","","","","","","","","","","","","","","","","16.8974609375","16.4066905975342","15.88091","16.57672","16.98496","18.45843","19.65692","20.01628","21.10969","22.49283","26.63316","28.67156","27.44327","27.38523","25.82472","23.67829","21.55702","16.44048","15.73974","","","",
"Iran, Islamic Rep.","IRN","Government expenditure per student, secondary (% of GDP per capita)","SE.XPD.SECO.PC.ZS","","","","","","","","","","","","","","","","","","","","","","","","","","","","","","","","","","","","","","","","","","9.43889","11.02438","11.00609","11.23722","10.78482","16.0742","18.94573","16.83341","17.55541","18.29642","14.10434","13.92143","18.10744","14.84992","14.54783","17.07747","17.68575","","",
"Iraq","IRQ","Government expenditure per student, secondary (% of GDP per capita)","SE.XPD.SECO.PC.ZS","","","","","","","","","","","","","","","","","","","","","","","","","","","","","","","","","","","","","","","","","","","","","","","","","","","","","","","","","","","","",
"Iceland","ISL","Government expenditure per student, secondary (% of GDP per capita)","SE.XPD.SECO.PC.ZS","","","","","","","","","","","","","","","","","","","","","","","","","","","","","","","","","","","","","","","","18.738130569458","18.47479","20.89689","21.70009","21.16054","22.28504","22.20157","22.2036","20.78793","20.80577","21.20794","19.40782","19.60857","17.84044","18.11362","19.35348","20.35202","19.39879","","","",
"Israel","ISR","Government expenditure per student, secondary (% of GDP per capita)","SE.XPD.SECO.PC.ZS","","","","","","","","","","","","","","","","","","","","","","","","","","","","","","","","","","","","","","","","18.7163505554199","17.78971","18.569","18.83399","18.31589","17.83458","17.13226","17.25447","15.94891","17.0825","15.9116","15.29563","15.26735","18.16251","17.82235","17.66172","18.64104","18.65667","","","",
"Italy","ITA","Government expenditure per student, secondary (% of GDP per capita)","SE.XPD.SECO.PC.ZS","","","","","","","","","","","","","","","","","","","","","","","","","","","","","","","","","","","","","","","26.4597301483154","26.6656703948975","25.61669","28.96487","25.89904","27.12478","25.90226","25.41326","26.91962","23.82647","25.24489","25.25676","23.94346","22.57048","22.53656","22.90814","22.22138","22.90489","","","","",
"Jamaica","JAM","Government expenditure per student, secondary (% of GDP per capita)","SE.XPD.SECO.PC.ZS","","","","","","","","","","","","","","","","","","","","","","","","","","","","","","","","","","","","","","","","","","","","20.45401","17.91013","19.41867","","20.42524","27.58759","23.84549","25.08847","26.98107","","30.51827","23.81454","28.34296","27.14364","26.68457","29.25163","",
"Jordan","JOR","Government expenditure per student, secondary (% of GDP per capita)","SE.XPD.SECO.PC.ZS","","","","","","","","","","","","","","","","","","","","","","","","","","","","","","","","","","","","","","","","16.9422397613525","","","17.08186","19.596","18.40004","20.12076","17.44856","17.66084","16.58825","","","18.45937","","","","","","16.95956","","",
"Japan","JPN","Government expenditure per student, secondary (% of GDP per capita)","SE.XPD.SECO.PC.ZS","","","","","","","","","","","","","","","","","","","","","","","","","","","","","","","","","","","","","","","19.4345092773438","","","","","","","","","","","","","","","","","","","","","",
"Kazakhstan","KAZ","Government expenditure per student, secondary (% of GDP per capita)","SE.XPD.SECO.PC.ZS","","","","","","","","","","","","","","","","","","","","","","","","","","","","","","","","","","","","","","21.9913997650146","","","","","","","","","","","","","","","","18.6624","19.54299","19.15682","21.20877","","","",
"Kenya","KEN","Government expenditure per student, secondary (% of GDP per capita)","SE.XPD.SECO.PC.ZS","","","","","","","","","","","","","","","","","","","","","","","","","","","","","","","","","","","","","","","","","14.4369","15.8887","","20.46805","22.41834","","21.32197","","","","","","","","","","","","","",
"Kyrgyz Republic","KGZ","Government expenditure per student, secondary (% of GDP per capita)","SE.XPD.SECO.PC.ZS","","","","","","","","","","","","","","","","","","","","","","","","","","","","","","","","","","","","","","","","","","","","","","","","","","","","","","","","","","","","",
"Cambodia","KHM","Government expenditure per student, secondary (% of GDP per capita)","SE.XPD.SECO.PC.ZS","","","","","","","","","","","","","","","","","","","","","","","","","","","","","","","","","","","","","","","10.8321399688721","","","6.05083","","","","","","","","","","","","","","","","","","",
"Kiribati","KIR","Government expenditure per student, secondary (% of GDP per capita)","SE.XPD.SECO.PC.ZS","","","","","","","","","","","","","","","","","","","","","","","","","","","","","","","","","","","","","","","","","","","","","","","","","","","","","","","","","","","","",
"St. Kitts and Nevis","KNA","Government expenditure per student, secondary (% of GDP per capita)","SE.XPD.SECO.PC.ZS","","","","","","","","","","","","","","","","","","","","","","","","","","","","","","","","","","","","","","","","","","","","","","","","","","","","","","","","13.18643","18.6391","","","",
"Korea, Rep.","KOR","Government expenditure per student, secondary (% of GDP per capita)","SE.XPD.SECO.PC.ZS","","","","","","","","","","","","","","","","","","","","","","","","","","","","","","","","","","","","","","","13.7966003417969","14.3728399276733","","","","","","","","","","","","","","","","","28.17817","","","",
"Kuwait","KWT","Government expenditure per student, secondary (% of GDP per capita)","SE.XPD.SECO.PC.ZS","","","","","","","","","","","","","","","","","","","","","","","","","","","","","","","","","","","","","","0","","","","","","19.07234","16.10795","15.5061","13.11172","","13.96666","","","21.80192","","","17.64752","","","","","",
"Latin America & Caribbean (excluding high income)","LAC","Government expenditure per student, secondary (% of GDP per capita)","SE.XPD.SECO.PC.ZS","","","","","","","","","","","","","","","","","","","","","","","","","","","","","","","","","","","","","","","","","","","","","","","","","","","","","","","","","","","","",
"Lao PDR","LAO","Government expenditure per student, secondary (% of GDP per capita)","SE.XPD.SECO.PC.ZS","","","","","","","","","","","","","","","","","","","","","","","","","","","","","","","","","","","","","","18.2436008453369","","","","","9.212","","","","","","","7.56667","7.34412","7.96466","7.75657","14.41032","12.41285","","","","","",
"Lebanon","LBN","Government expenditure per student, secondary (% of GDP per capita)","SE.XPD.SECO.PC.ZS","","","","","","","","","","","","","","","","","","","","","","","","","","","","","","","","","","","","0","0","","","","","","","","","","","","","","","","4.04071","5.75341","","","","","","",
"Liberia","LBR","Government expenditure per student, secondary (% of GDP per capita)","SE.XPD.SECO.PC.ZS","","","","","","","","","","","","","","","","","","","","","","","","","","","","","","","","","","","","","","","","","","","","","","","","","","","","","","","","17.85707","","","","",
"Libya","LBY","Government expenditure per student, secondary (% of GDP per capita)","SE.XPD.SECO.PC.ZS","","","","","","","","","","","","","","","","","","","","","","","","","","","","","","","","","","","","","","","","","","","","","","","","","","","","","","","","","","","","",
"St. Lucia","LCA","Government expenditure per student, secondary (% of GDP per capita)","SE.XPD.SECO.PC.ZS","","","","","","","","","","","","","","","","","","","","","","","","","","","","","","","","","","","","","","","","20.7979698181152","","","","","16.17277","","","","","15.81063","18.81325","19.23892","19.37559","19.9809","22.96037","22.35653","24.9334","","20.5667","",
"Latin America & Caribbean","LCN","Government expenditure per student, secondary (% of GDP per capita)","SE.XPD.SECO.PC.ZS","","","","","","","","","","","","","","","","","","","","","","","","","","","","","","","","","","","","","","","","","","","","","","","","","","","","","","","","","","","","",
"Least developed countries: UN classification","LDC","Government expenditure per student, secondary (% of GDP per capita)","SE.XPD.SECO.PC.ZS","","","","","","","","","","","","","","","","","","","","","","","","","","","","","","","","","","","","","","","","","","","","","","","","","","","","","","","","","","","","",
"Low income","LIC","Government expenditure per student, secondary (% of GDP per capita)","SE.XPD.SECO.PC.ZS","","","","","","","","","","","","","","","","","","","","","","","","","","","","","","","","","","","","","","","","","","","","","","","","","","","","","","","","","","","","",
"Liechtenstein","LIE","Government expenditure per student, secondary (% of GDP per capita)","SE.XPD.SECO.PC.ZS","","","","","","","","","","","","","","","","","","","","","","","","","","","","","","","","","","","","","","","","","","","","11.04538","10.94514","","10.67806","10.11771","11.86982","","12.40405","13.33002","","","","","","","","",
"Sri Lanka","LKA","Government expenditure per student, secondary (% of GDP per capita)","SE.XPD.SECO.PC.ZS","","","","","","","","","","","","","","","","","","","","","","","","","","","","","","","","","","","","","","","","","","","","","","","","","","","7.31438","6.82941","5.79818","6.2864","","","11.24562","10.34456","","",
"Lower middle income","LMC","Government expenditure per student, secondary (% of GDP per capita)","SE.XPD.SECO.PC.ZS","","","","","","","","","","","","","","","","","","","","","","","","","","","","","","","","","","","","","","","","","","","","","","","","","","","","","","","","","","","","",
"Low & middle income","LMY","Government expenditure per student, secondary (% of GDP per capita)","SE.XPD.SECO.PC.ZS","","","","","","","","","","","","","","","","","","","","","","","","","","","","","","","","","","","","","","","","","","","","","","","","","","","","","","","","","","","","",
"Lesotho","LSO","Government expenditure per student, secondary (% of GDP per capita)","SE.XPD.SECO.PC.ZS","","","","","","","","","","","","","","","","","","","","","","","","","","","","","","","","","","","","","","115.529762268066","","68.4228591918945","70.19875","56.02868","","","","47.49526","41.52326","","48.3119","","","","","","","","","","32.03149","",
"Late-demographic dividend","LTE","Government expenditure per student, secondary (% of GDP per capita)","SE.XPD.SECO.PC.ZS","","","","","","","","","","","","","","","","","","","","","","","","","","","","","","","","","","","","","","","","","","","","","","","","","","","","","","","","","","","","",
"Lithuania","LTU","Government expenditure per student, secondary (% of GDP per capita)","SE.XPD.SECO.PC.ZS","","","","","","","","","","","","","","","","","","","","","","","","","","","","","","","","","","","","","","","","","","","","19.62694","20.65959","19.06312","19.14766","18.23539","20.37936","25.67563","20.96879","18.48599","17.18417","16.8401","17.12697","17.0487","17.68793","","","",
"Luxembourg","LUX","Government expenditure per student, secondary (% of GDP per capita)","SE.XPD.SECO.PC.ZS","","","","","","","","","","","","","","","","","","","","","","","","","","","","","","","","","","","","","","","","","","","","23.40646","22.38807","22.60367","20.22111","18.5065","22.25933","","19.89421","17.70726","21.60472","19.89466","20.53711","19.40807","","","","",
"Latvia","LVA","Government expenditure per student, secondary (% of GDP per capita)","SE.XPD.SECO.PC.ZS","","","","","","","","","","","","","","","","","","","","","","","","","","","","","","","","","","","","","","35.1386489868164","23.0383396148682","22.9759902954102","22.86299","23.18319","24.62165","22.93571","22.5048","","17.3995","21.72997","25.81308","29.99799","26.32108","24.50255","34.25846","35.81994","24.50525","24.84268","26.00067","","","",
"Macao SAR, China","MAC","Government expenditure per student, secondary (% of GDP per capita)","SE.XPD.SECO.PC.ZS","","","","","","","","","","","","","","","","","","","","","","","","","","","","","","","","","","","","","","","","","10.09583","","","","","","","","","","","","16.74474","19.16075","","34.42335","39.87255","38.6247","","",
"St. Martin (French part)","MAF","Government expenditure per student, secondary (% of GDP per capita)","SE.XPD.SECO.PC.ZS","","","","","","","","","","","","","","","","","","","","","","","","","","","","","","","","","","","","","","","","","","","","","","","","","","","","","","","","","","","","",
"Morocco","MAR","Government expenditure per student, secondary (% of GDP per capita)","SE.XPD.SECO.PC.ZS","","","","","","","","","","","","","","","","","","","","","","","","","","","","","","","","","","","","","","","43.5640907287598","43.5533714294434","","41.41725","42.73763","40.78748","38.24846","55.35332","34.35124","37.44966","32.91532","30.72283","34.32822","33.90499","36.45847","","","","","","","",
"Monaco","MCO","Government expenditure per student, secondary (% of GDP per capita)","SE.XPD.SECO.PC.ZS","","","","","","","","","","","","","","","","","","","","","","","","","","","","","","","","","","","","","","7.13338994979858","6.98270988464355","6.9187798500061","6.6939","","","","6.17005","","","","","6.39619","6.15043","10.02175","12.86258","8.71801","5.18677","","5.00365","","","",
"Moldova","MDA","Government expenditure per student, secondary (% of GDP per capita)","SE.XPD.SECO.PC.ZS","","","","","","","","","","","","","","","","","","","","","","","","","","","","","","","","","","","","","","","","","","","","","","","","38.35193","31.61281","39.37079","39.35366","38.0288","37.37961","","38.5833","39.07752","35.95976","36.30181","","",
"Madagascar","MDG","Government expenditure per student, secondary (% of GDP per capita)","SE.XPD.SECO.PC.ZS","","","","","","","","","","","","","","","","","","","","","","","","","","","","","","","","","","","","","","","","","","","","","","21.49602","15.4034","12.51795","13.59396","11.63491","","10.27007","8.40599","","","","","","","",
"Maldives","MDV","Government expenditure per student, secondary (% of GDP per capita)","SE.XPD.SECO.PC.ZS","","","","","","","","","","","","","","","","","","","","","","","","","","","","","","","","","","","","","","","","","","","","","","","","","","","","","","","","","","","","",
"Middle East & North Africa","MEA","Government expenditure per student, secondary (% of GDP per capita)","SE.XPD.SECO.PC.ZS","","","","","","","","","","","","","","","","","","","","","","","","","","","","","","","","","","","","","","","","","","","","","","","","","","","","","","","","","","","","",
"Mexico","MEX","Government expenditure per student, secondary (% of GDP per capita)","SE.XPD.SECO.PC.ZS","","","","","","","","","","","","","","","","","","","","","","","","","","","","","","","","","","","","","","","14.5468301773071","11.8356103897095","","16.04883","13.74259","15.33587","14.36109","14.99042","14.0126","13.59922","13.60875","15.68177","15.67499","15.68173","15.7088","15.86877","15.86083","15.62772","14.87725","","","",
"Marshall Islands","MHL","Government expenditure per student, secondary (% of GDP per capita)","SE.XPD.SECO.PC.ZS","","","","","","","","","","","","","","","","","","","","","","","","","","","","","","","","","","","","","","","","","","","27.69031","","","","","","","","","","","","","","","","","",
"Middle income","MIC","Government expenditure per student, secondary (% of GDP per capita)","SE.XPD.SECO.PC.ZS","","","","","","","","","","","","","","","","","","","","","","","","","","","","","","","","","","","","","","","","","","","","","","","","","","","","","","","","","","","","",
"North Macedonia","MKD","Government expenditure per student, secondary (% of GDP per capita)","SE.XPD.SECO.PC.ZS","","","","","","","","","","","","","","","","","","","","","","","","","","","","","","","","","","","","","","","","","","","","","","","","","","","","","","","","","","","","",
"Mali","MLI","Government expenditure per student, secondary (% of GDP per capita)","SE.XPD.SECO.PC.ZS","","","","","","","","","","","","","","","","","","","","","","","","","","","","","","","","","","","","","","","58.0465087890625","43.4003791809082","","","","","","","","","34.38221","32.35778","35.58096","26.23424","","24.63634","21.9702","22.85449","20.3196","","","",
"Malta","MLT","Government expenditure per student, secondary (% of GDP per capita)","SE.XPD.SECO.PC.ZS","","","","","","","","","","","","","","","","","","","","","","","","","","","","","","","","","","","","","","","19.7901191711426","","","","20.24966","","17.24774","","","27.82559","31.51155","","32.91001","65.01082","40.52848","39.18275","34.71944","29.9386","","","","",
"Myanmar","MMR","Government expenditure per student, secondary (% of GDP per capita)","SE.XPD.SECO.PC.ZS","","","","","","","","","","","","","","","","","","","","","","","","","","","","","","","","","","","","","","","","","","","","","","","","","","","","","","","","","","11.29082","","",
"Middle East & North Africa (excluding high income)","MNA","Government expenditure per student, secondary (% of GDP per capita)","SE.XPD.SECO.PC.ZS","","","","","","","","","","","","","","","","","","","","","","","","","","","","","","","","","","","","","","","","","","","","","","","","","","","","","","","","","","","","",
"Montenegro","MNE","Government expenditure per student, secondary (% of GDP per capita)","SE.XPD.SECO.PC.ZS","","","","","","","","","","","","","","","","","","","","","","","","","","","","","","","","","","","","","","","","","","","","","","","","","","","","","","","","","","","","",
"Mongolia","MNG","Government expenditure per student, secondary (% of GDP per capita)","SE.XPD.SECO.PC.ZS","","","","","","","","","","","","","","","","","","","","","","","","","","","","","","","","","","","","","","29.1390991210938","","","","","","","10.64059","","","","","","15.36831","","","","","","","","","",
"Northern Mariana Islands","MNP","Government expenditure per student, secondary (% of GDP per capita)","SE.XPD.SECO.PC.ZS","","","","","","","","","","","","","","","","","","","","","","","","","","","","","","","","","","","","","","","","","","","","","","","","","","","","","","","","","","","","",
"Mozambique","MOZ","Government expenditure per student, secondary (% of GDP per capita)","SE.XPD.SECO.PC.ZS","","","","","","","","","","","","","","","","","","","","","","","","","","","","","","","","","","","","","","","","","","","","","","","73.26232","","","","","","53.69957","43.96954","","","","","","",
"Mauritania","MRT","Government expenditure per student, secondary (% of GDP per capita)","SE.XPD.SECO.PC.ZS","","","","","","","","","","","","","","","","","","","","","","","","","","","","","","","","","","","","","","39.8796081542969","","32.5883483886719","","","","","","21.74278","","","31.86511","","27.39217","19.25049","20.10152","15.79355","","18.46014","14.64051","","","",
"Mauritius","MUS","Government expenditure per student, secondary (% of GDP per capita)","SE.XPD.SECO.PC.ZS","","","","","","","","","","","","","","","","","","","","","","","","","","","","","","","","","","","","","","","","","","14.18997","12.76195","18.18027","17.81332","17.51064","16.7646","","14.28882","14.12152","18.40825","16.02497","18.15235","19.19303","28.72759","30.67578","31.32815","31.95951","31.30785","",
"Malawi","MWI","Government expenditure per student, secondary (% of GDP per capita)","SE.XPD.SECO.PC.ZS","","","","","","","","","","","","","","","","","","","","","","","","","","","","","","","","","","","","","","","","9.69256019592285","25.52895","22.26508","","","","","","","","","15.02032","22.02205","","24.96911","21.50444","27.6789","25.2184","","","",
"Malaysia","MYS","Government expenditure per student, secondary (% of GDP per capita)","SE.XPD.SECO.PC.ZS","","","","","","","","","","","","","","","","","","","","","","","","","","","","","","","","","","","","","","16.5977191925049","","","21.66341","26.37194","26.99842","25.0953","20.25394","","13.77793","13.72506","11.9426","21.24943","17.99687","19.18849","20.92157","20.22618","","","21.49382","22.97036","","",
"North America","NAC","Government expenditure per student, secondary (% of GDP per capita)","SE.XPD.SECO.PC.ZS","","","","","","","","","","","","","","","","","","","","","","","","","","","","","","","","","","","","","","","","","","","","","","","","","","","","","","","","","","","","",
"Namibia","NAM","Government expenditure per student, secondary (% of GDP per capita)","SE.XPD.SECO.PC.ZS","","","","","","","","","","","","","","","","","","","","","","","","","","","","","","","","","","","","","","","","","","","","","","","","","","","","","","","","","","","","",
"New Caledonia","NCL","Government expenditure per student, secondary (% of GDP per capita)","SE.XPD.SECO.PC.ZS","","","","","","","","","","","","","","","","","","","","","","","","","","","","","","","","","","","","","","","","","","","","","","","","","","","","","","","","","","","","",
"Niger","NER","Government expenditure per student, secondary (% of GDP per capita)","SE.XPD.SECO.PC.ZS","","","","","","","","","","","","","","","","","","","","","","","","","","","","","","","","","","","","","","","","","","","","","","","46.79881","52.74161","50.86818","58.64175","42.5511","50.90658","47.01162","50.33828","72.45838","64.56312","18.04932","15.97095","","",
"Nigeria","NGA","Government expenditure per student, secondary (% of GDP per capita)","SE.XPD.SECO.PC.ZS","","","","","","","","","","","","","","","","","","","","","","","","","","","","","","","","","","","","","","","","","","","","","","","","","","","","","","","","","","","","",
"Nicaragua","NIC","Government expenditure per student, secondary (% of GDP per capita)","SE.XPD.SECO.PC.ZS","","","","","","","","","","","","","","","","","","","","","","","","","","","","","","","","","","","","","","","","","","","","","","2.94326","3.47399","","","","7.31887","","","","","","","","","",
"Netherlands","NLD","Government expenditure per student, secondary (% of GDP per capita)","SE.XPD.SECO.PC.ZS","","","","","","","","","","","","","","","","","","","","","","","","","","","","","","","","","","","","","","","20.2120609283447","","","","","","","","","","","","","","","","","22.70286","23.09833","","","",
"Norway","NOR","Government expenditure per student, secondary (% of GDP per capita)","SE.XPD.SECO.PC.ZS","","","","","","","","","","","","","","","","","","","","","","","","","","","","","","","","","","","","","","18.1337509155273","29.7533397674561","","","","29.99078","31.71205","29.40803","28.10482","25.36861","25.6322","24.61355","28.30466","26.76168","25.75067","","24.491","24.28563","26.35316","26.78578","","","",
"Nepal","NPL","Government expenditure per student, secondary (% of GDP per capita)","SE.XPD.SECO.PC.ZS","","","","","","","","","","","","","","","","","","","","","","","","","","","","","","","","","","","","","","","","12.8772201538086","11.29283","13.38435","10.4008","9.26585","","","","","10.45622","12.1906","10.99529","11.58752","10.89138","9.91984","11.67385","11.00348","","","","",
"Nauru","NRU","Government expenditure per student, secondary (% of GDP per capita)","SE.XPD.SECO.PC.ZS","","","","","","","","","","","","","","","","","","","","","","","","","","","","","","","","","","","","","","","","","","","","","","","","","","","","","","","","","","","","",
"New Zealand","NZL","Government expenditure per student, secondary (% of GDP per capita)","SE.XPD.SECO.PC.ZS","","","","","","","","","","","","","","","","","","","","","","","","","","","","","","","","","","","","","","21.577299118042","","","","","","","","","","","","","","","","21.67281","21.18573","20.83154","21.0654","","","",
"OECD members","OED","Government expenditure per student, secondary (% of GDP per capita)","SE.XPD.SECO.PC.ZS","","","","","","","","","","","","","","","","","","","","","","","","","","","","","","","","","","","","","","","","","","","","","","","","","","","","","","","","","","","","",
"Oman","OMN","Government expenditure per student, secondary (% of GDP per capita)","SE.XPD.SECO.PC.ZS","","","","","","","","","","","","","","","","","","","","","","","","","","","","","","","","","","","","","","18.9075508117676","21.6266002655029","","","","16.34174","","","12.25063","","","","15.07413","","17.51668","","20.24792","","","34.54848","35.79612","","",
"Other small states","OSS","Government expenditure per student, secondary (% of GDP per capita)","SE.XPD.SECO.PC.ZS","","","","","","","","","","","","","","","","","","","","","","","","","","","","","","","","","","","","","","","","","","","","","","","","","","","","","","","","","","","","",
"Pakistan","PAK","Government expenditure per student, secondary (% of GDP per capita)","SE.XPD.SECO.PC.ZS","","","","","","","","","","","","","","","","","","","","","","","","","","","","","","","","","","","","","","","","","","","","","","","","","","","","","","10.3291","13.25144","15.22174","","","","",
"Panama","PAN","Government expenditure per student, secondary (% of GDP per capita)","SE.XPD.SECO.PC.ZS","","","","","","","","","","","","","","","","","","","","","","","","","","","","","","","","","","","","","","","","18.50950050354","20.87818","13.71787","15.35482","","11.95801","","","14.48926","","","","9.18993","","","","","","","","",
"Peru","PER","Government expenditure per student, secondary (% of GDP per capita)","SE.XPD.SECO.PC.ZS","","","","","","","","","","","","","","","","","","","","","","","","","","","","","","","","","","","","","","","11.0467100143433","10.2767095565796","9.99939","9.49801","9.00866","10.21964","10.47377","9.962","10.36443","10.20307","10.48387","11.4613","10.77445","9.31903","10.75792","10.50725","13.14714","14.28656","14.32964","15.27798","","",
"Philippines","PHL","Government expenditure per student, secondary (% of GDP per capita)","SE.XPD.SECO.PC.ZS","","","","","","","","","","","","","","","","","","","","","","","","","","","","","","","","","","","","","","10.6748104095459","","","10.31701","8.99647","8.81539","9.73721","8.70748","8.89974","","8.66985","9.07672","","","","","","","","","","","",
"Palau","PLW","Government expenditure per student, secondary (% of GDP per capita)","SE.XPD.SECO.PC.ZS","","","","","","","","","","","","","","","","","","","","","","","","","","","","","","","","","","","","","","","","","","","","","","","","","","","","","","","","","","","","",
"Papua New Guinea","PNG","Government expenditure per student, secondary (% of GDP per capita)","SE.XPD.SECO.PC.ZS","","","","","","","","","","","","","","","","","","","","","","","","","","","","","","","","","","","","","","","","","","","","","","","","","","","","","","","","","","","","",
"Poland","POL","Government expenditure per student, secondary (% of GDP per capita)","SE.XPD.SECO.PC.ZS","","","","","","","","","","","","","","","","","","","","","","","","","","","","","","","","","","","","","","","10.8147001266479","","","","19.81828","19.68689","21.37206","22.0079","22.87955","21.77817","22.70049","23.74239","24.09019","23.31435","21.94077","22.44155","22.31277","22.12214","22.38993","","","",
"Pre-demographic dividend","PRE","Government expenditure per student, secondary (% of GDP per capita)","SE.XPD.SECO.PC.ZS","","","","","","","","","","","","","","","","","","","","","","","","","","","","","","","","","","","","","","","","","","","","","","","","","","","","","","","","","","","","",
"Puerto Rico","PRI","Government expenditure per student, secondary (% of GDP per capita)","SE.XPD.SECO.PC.ZS","","","","","","","","","","","","0","0","0","0","0","0","0","0","","","","","","","","","","","","","","","","","","","","","","","","","","","","","","","","","","","20.60727","20.17815","","","","","",
"Korea, Dem. People’s Rep.","PRK","Government expenditure per student, secondary (% of GDP per capita)","SE.XPD.SECO.PC.ZS","","","","","","","","","","","","","","","","","","","","","","","","","","","","","","","","","","","","","","","","","","","","","","","","","","","","","","","","","","","","",
"Portugal","PRT","Government expenditure per student, secondary (% of GDP per capita)","SE.XPD.SECO.PC.ZS","","","","","","","","","","","","","","","","","","","","","","","","","","","","","","","","","","","","","","","","26.3985404968262","27.45393","28.86026","28.96929","29.5211","32.70983","32.41884","31.53999","30.14913","30.21151","37.1795","34.8872","32.56221","27.56725","30.61593","29.07866","27.69333","","","","",
"Paraguay","PRY","Government expenditure per student, secondary (% of GDP per capita)","SE.XPD.SECO.PC.ZS","","","","","","","","","","","","","","","","","","","","","","","","","","","","","","","","","","","","","","","","","14.6092","12.01437","10.08757","10.3568","9.00892","","","10.30271","","","10.91837","12.33446","12.08683","","","","11.77681","","","",
"West Bank and Gaza","PSE","Government expenditure per student, secondary (% of GDP per capita)","SE.XPD.SECO.PC.ZS","","","","","","","","","","","","","","","","","","","","","","","","","","","","","","","","","","","","","","","","","","","","","","","","","","","","","","","","","","","","",
"Pacific island small states","PSS","Government expenditure per student, secondary (% of GDP per capita)","SE.XPD.SECO.PC.ZS","","","","","","","","","","","","","","","","","","","","","","","","","","","","","","","","","","","","","","","","","","","","","","","","","","","","","","","","","","","","",
"Post-demographic dividend","PST","Government expenditure per student, secondary (% of GDP per capita)","SE.XPD.SECO.PC.ZS","","","","","","","","","","","","","","","","","","","","","","","","","","","","","","","","","","","","","","","","","","","","","","","","","","","","","","","","","","","","",
"French Polynesia","PYF","Government expenditure per student, secondary (% of GDP per capita)","SE.XPD.SECO.PC.ZS","","","","","","","","","","","","","","","","","","","","","","","","","","","","","","","","","","","","","","","","","","","","","","","","","","","","","","","","","","","","",
"Qatar","QAT","Government expenditure per student, secondary (% of GDP per capita)","SE.XPD.SECO.PC.ZS","","","","","","","","","","","","","","","","","","","","","","","","","","","","","","","","","","","","","","","","","","","","","","","","","","10.49807","","","","","","","","","","",
"Romania","ROU","Government expenditure per student, secondary (% of GDP per capita)","SE.XPD.SECO.PC.ZS","","","","","","","","","","","","","","","","","","","","","","","","","","","","","","","","","","","","","","","","","","","","13.35585","14.44844","15.61307","8.74395","15.52598","15.63841","15.77391","13.88837","11.84421","12.52425","13.97043","16.27166","16.19395","","","","",
"Russian Federation","RUS","Government expenditure per student, secondary (% of GDP per capita)","SE.XPD.SECO.PC.ZS","","","","","","","","","","","","","","","","","","","","","","","","","","","","","","","","","","","","","","","","","","","","","","","","","","","","","","","","","","","","",
"Rwanda","RWA","Government expenditure per student, secondary (% of GDP per capita)","SE.XPD.SECO.PC.ZS","","","","","","","","","","","","","","","","","","","","","","","","","","","","","","","","","","","","","","","","","42.30082","","","","","","","29.70527","31.4353","","35.14259","36.88215","33.27758","38.27114","","31.94893","37.99618","","22.08531","",
"South Asia","SAS","Government expenditure per student, secondary (% of GDP per capita)","SE.XPD.SECO.PC.ZS","","","","","","","","","","","","","","","","","","","","","","","","","","","","","","","","","","","","","","","","","","","","","","","","","","","","","","","","","","","","",
"Saudi Arabia","SAU","Government expenditure per student, secondary (% of GDP per capita)","SE.XPD.SECO.PC.ZS","","","","","","","","","","","","","","","","","","","","","","","","","","","","","","","","","","","","","","","","","","","","","","","","17.64971","","","","","","","","","","","","",
"Sudan","SDN","Government expenditure per student, secondary (% of GDP per capita)","SE.XPD.SECO.PC.ZS","","","","","","","","","","","","","","","","","","","","","","","","","","","","","","","","","","","","","","","","","","","","","","","","","","","","","","","","","","","","",
"Senegal","SEN","Government expenditure per student, secondary (% of GDP per capita)","SE.XPD.SECO.PC.ZS","","","","","","","","","","","","","","","","","","","","","","","","","","","","","","","","","","","","","","","27.895959854126","","","","","","","25.21362","24.63406","","20.11417","","25.74386","21.80018","19.06845","21.40782","25.3299","21.1023","11.77951","","","",
"Singapore","SGP","Government expenditure per student, secondary (% of GDP per capita)","SE.XPD.SECO.PC.ZS","","","","","","","","","","","","","","","","","","","","","","","","","","","","","","","","","","","","","","","","","","","","","","","","","14.06672","15.74985","16.68468","","","","","","","22.2178","","",
"Solomon Islands","SLB","Government expenditure per student, secondary (% of GDP per capita)","SE.XPD.SECO.PC.ZS","","","","","","","","","","","","","","","","","","","","","","","","","","","","","","","","","","","","","","","","","","","","","","","","","","","","","","","","","","","","",
"Sierra Leone","SLE","Government expenditure per student, secondary (% of GDP per capita)","SE.XPD.SECO.PC.ZS","","","","","","","","","","","","","","","","","","","","","","","","","","","","","","","","","","","","","","","","","","","","","","","","","","","","13.15402","11.67122","8.74605","","","5.56282","14.39788","","",
"El Salvador","SLV","Government expenditure per student, secondary (% of GDP per capita)","SE.XPD.SECO.PC.ZS","","","","","","","","","","","","","","","","","","","","","","","","","","","","","","","","","","","","","","","8.61209011077881","","8.21577","","10.77347","10.06942","","10.63148","8.87788","11.0492","11.13617","14.79507","13.01326","","11.14886","11.27453","11.76944","13.06937","14.80825","15.10716","","",
"San Marino","SMR","Government expenditure per student, secondary (% of GDP per capita)","SE.XPD.SECO.PC.ZS","","","","","","","","","","","","","","","","","","","","","","","","","","","","","","","","","","","","","","","","","","","","","","","","","","","12.16633","11.33724","","","","","","","","",
"Somalia","SOM","Government expenditure per student, secondary (% of GDP per capita)","SE.XPD.SECO.PC.ZS","","","","","","","","","","","","","","","","","","","","","","","","","","","","","","","","","","","","","","","","","","","","","","","","","","","","","","","","","","","","",
"Serbia","SRB","Government expenditure per student, secondary (% of GDP per capita)","SE.XPD.SECO.PC.ZS","","","","","","","","","","","","","","","","","","","","","","","","","","","","","","","","","","","","","","","","","","","","","","","","13.12568","13.4932","13.58941","13.16498","13.05734","","","","11.8556","","","","",
"Sub-Saharan Africa (excluding high income)","SSA","Government expenditure per student, secondary (% of GDP per capita)","SE.XPD.SECO.PC.ZS","","","","","","","","","","","","","","","","","","","","","","","","","","","","","","","","","","","","","","","","","","","","","","","","","","","","","","","","","","","","",
"South Sudan","SSD","Government expenditure per student, secondary (% of GDP per capita)","SE.XPD.SECO.PC.ZS","","","","","","","","","","","","","","","","","","","","","","","","","","","","","","","","","","","","","","","","","","","","","","","","","","","","7.65215","","","","","13.24828","","","",
"Sub-Saharan Africa","SSF","Government expenditure per student, secondary (% of GDP per capita)","SE.XPD.SECO.PC.ZS","","","","","","","","","","","","","","","","","","","","","","","","","","","","","","","","","","","","","","","","","","","","","","","","","","","","","","","","","","","","",
"Small states","SST","Government expenditure per student, secondary (% of GDP per capita)","SE.XPD.SECO.PC.ZS","","","","","","","","","","","","","","","","","","","","","","","","","","","","","","","","","","","","","","","","","","","","","","","","","","","","","","","","","","","","",
"Sao Tome and Principe","STP","Government expenditure per student, secondary (% of GDP per capita)","SE.XPD.SECO.PC.ZS","","","","","","","","","","","","","","","","","","","","","","","","","","","","","","","","","","","","","","","","","","","","","","","","","","","","","17.5262","18.58782","8.36203","","","","","",
"Suriname","SUR","Government expenditure per student, secondary (% of GDP per capita)","SE.XPD.SECO.PC.ZS","","","","","","","","","","","","","","","","","","","","","","","","","","","","","","","","","","","","","","","","","","","","","","","","","","","","","","","","","","","","",
"Slovak Republic","SVK","Government expenditure per student, secondary (% of GDP per capita)","SE.XPD.SECO.PC.ZS","","","","","","","","","","","","","","","","","","","","","","","","","","","","","","","","","","","","","","7.9363899230957","","18.1405200958252","15.85101","16.3786","18.26466","17.10819","16.50568","14.92814","14.46808","14.3347","14.65799","17.8898","17.79922","17.26915","17.97326","18.93126","19.36365","19.14031","19.95033","","","",
"Slovenia","SVN","Government expenditure per student, secondary (% of GDP per capita)","SE.XPD.SECO.PC.ZS","","","","","","","","","","","","","","","","","","","","","","","","","","","","","","","","","","","","","","","","","","25.1071","24.05205","","","","","","","","30.16817","30.49639","","25.45223","24.84135","23.87305","22.91042","","","",
"Sweden","SWE","Government expenditure per student, secondary (% of GDP per capita)","SE.XPD.SECO.PC.ZS","","","","","","","","","","","","","","","","","","","","","","","","","","","","","","","","","","","","","","","27.0463104248047","24.9077301025391","24.45585","24.1736","24.3689","24.37179","31.64553","30.77463","29.93903","29.04545","29.196","31.19894","30.18899","31.04577","24.67428","24.79329","24.47355","23.58743","23.75742","","","",
"Eswatini","SWZ","Government expenditure per student, secondary (% of GDP per capita)","SE.XPD.SECO.PC.ZS","","","","","","","","","","","","","","","","","","","","","","","","","","","","","","","","","","","","","","","","23.1023292541504","26.05316","28.42339","24.15314","41.23289","26.44972","36.62896","32.19589","","30.48838","","30.86393","34.19975","","","33.02067","","","","","",
"Sint Maarten (Dutch part)","SXM","Government expenditure per student, secondary (% of GDP per capita)","SE.XPD.SECO.PC.ZS","","","","","","","","","","","","","","","","","","","","","","","","","","","","","","","","","","","","","","","","","","","","","","","","","","","","","","","","","","","","",
"Seychelles","SYC","Government expenditure per student, secondary (% of GDP per capita)","SE.XPD.SECO.PC.ZS","","","","","","","","","","","","","","","","","","","","","","","","","","","","","","","","","","","","","","","24.0264492034912","","","","14.50746","15.80616","","","","","","","","7.16711","9.38732","12.4966","16.57061","","15.29976","","","",
"Syrian Arab Republic","SYR","Government expenditure per student, secondary (% of GDP per capita)","SE.XPD.SECO.PC.ZS","","","","","","","","","","","","","","","","","","","","","","","","","","","","","","","","","","","","","","18.4068698883057","18.5160598754883","21.57008934021","23.36839","","24.3715","","","","","13.45179","","15.06868","","","14.24563","","","","","","","",
"Turks and Caicos Islands","TCA","Government expenditure per student, secondary (% of GDP per capita)","SE.XPD.SECO.PC.ZS","","","","","","","","","","","","","","","","","","","","","","","","","","","","","","","","","","","","","","","","","","","","","","","","","","","","","","","","","","","","",
"Chad","TCD","Government expenditure per student, secondary (% of GDP per capita)","SE.XPD.SECO.PC.ZS","","","","","","","","","","","","","","","","","","","","","","","","","","","","","","","","","","","","","","26.7112503051758","29.3570709228516","","","","","","25.01886","24.68203","","","","17.86743","15.00228","21.24006","12.68431","17.61618","","","","","","",
"East Asia & Pacific (IDA & IBRD countries)","TEA","Government expenditure per student, secondary (% of GDP per capita)","SE.XPD.SECO.PC.ZS","","","","","","","","","","","","","","","","","","","","","","","","","","","","","","","","","","","","","","","","","","","","","","","","","","","","","","","","","","","","",
"Europe & Central Asia (IDA & IBRD countries)","TEC","Government expenditure per student, secondary (% of GDP per capita)","SE.XPD.SECO.PC.ZS","","","","","","","","","","","","","","","","","","","","","","","","","","","","","","","","","","","","","","","","","","","","","","","","","","","","","","","","","","","","",
"Togo","TGO","Government expenditure per student, secondary (% of GDP per capita)","SE.XPD.SECO.PC.ZS","","","","","","","","","","","","","","","","","","","","","","","","","","","","","","","","","","","","","","","","28.7542400360107","22.08431","","","","","","","17.12255","","","","15.45545","","","","","","","","",
"Thailand","THA","Government expenditure per student, secondary (% of GDP per capita)","SE.XPD.SECO.PC.ZS","","","","","","","","","","","","","","","","","","","","","","","","","","","","","","","","","","","","","","15.6571502685547","18.8252792358398","","","15.37264","","","14.77711","","","","7.04093","8.44744","14.03468","14.22964","18.41152","17.99803","","","","","","",
"Tajikistan","TJK","Government expenditure per student, secondary (% of GDP per capita)","SE.XPD.SECO.PC.ZS","","","","","","","","","","","","","","","","","","","","","","","","","","","","","","","","","","","","","","","","","","","","","","","","","","","","","","","","","","","","",
"Turkmenistan","TKM","Government expenditure per student, secondary (% of GDP per capita)","SE.XPD.SECO.PC.ZS","","","","","","","","","","","","","","","","","","","","","","","","","","","","","","","","","","","","","","","","","","","","","","","","","","","","","","","","","","","","",
"Latin America & the Caribbean (IDA & IBRD countries)","TLA","Government expenditure per student, secondary (% of GDP per capita)","SE.XPD.SECO.PC.ZS","","","","","","","","","","","","","","","","","","","","","","","","","","","","","","","","","","","","","","","","","","","","","","","","","","","","","","","","","","","","",
"Timor-Leste","TLS","Government expenditure per student, secondary (% of GDP per capita)","SE.XPD.SECO.PC.ZS","","","","","","","","","","","","","","","","","","","","","","","","","","","","","","","","","","","","","","","","","","","","","","","","","","","","1.46194","2.58979","4.46586","8.17586","","","","","",
"Middle East & North Africa (IDA & IBRD countries)","TMN","Government expenditure per student, secondary (% of GDP per capita)","SE.XPD.SECO.PC.ZS","","","","","","","","","","","","","","","","","","","","","","","","","","","","","","","","","","","","","","","","","","","","","","","","","","","","","","","","","","","","",
"Tonga","TON","Government expenditure per student, secondary (% of GDP per capita)","SE.XPD.SECO.PC.ZS","","","","","","","","","","","","","","","","","","","","","","","","","","","","","","","","","","","","","","","","","","","7.64175","8.80435","7.46577","","","","","","","","","","","","","","","",
"South Asia (IDA & IBRD)","TSA","Government expenditure per student, secondary (% of GDP per capita)","SE.XPD.SECO.PC.ZS","","","","","","","","","","","","","","","","","","","","","","","","","","","","","","","","","","","","","","","","","","","","","","","","","","","","","","","","","","","","",
"Sub-Saharan Africa (IDA & IBRD countries)","TSS","Government expenditure per student, secondary (% of GDP per capita)","SE.XPD.SECO.PC.ZS","","","","","","","","","","","","","","","","","","","","","","","","","","","","","","","","","","","","","","","","","","","","","","","","","","","","","","","","","","","","",
"Trinidad and Tobago","TTO","Government expenditure per student, secondary (% of GDP per capita)","SE.XPD.SECO.PC.ZS","","","","","","","","","","","","","","","","","","","","","","","","","","","","","","","","","","","","","","","","","","","","","","","","","","","","","","","","","","","","",
"Tunisia","TUN","Government expenditure per student, secondary (% of GDP per capita)","SE.XPD.SECO.PC.ZS","","","","","","","","","","","","","","","","","","","","","","","","","","","","","","","","","","","","","","30.7188701629639","","24.9773006439209","24.53398","23.78683","21.66499","23.73924","21.21085","21.86649","","","24.54072","","","","","","","52.83846","","","","",
"Turkey","TUR","Government expenditure per student, secondary (% of GDP per capita)","SE.XPD.SECO.PC.ZS","","","","","","","","","","","","","","","","","","","","","","","","","","","","","","","","","","","","","","","","","","","","","","","","","","","","","","","","","","","","",
"Tuvalu","TUV","Government expenditure per student, secondary (% of GDP per capita)","SE.XPD.SECO.PC.ZS","","","","","","","","","","","","","","","","","","","","","","","","","","","","","","","","","","","","","","","","","","","","","","","","","","","","","","","","","","","","",
"Tanzania","TZA","Government expenditure per student, secondary (% of GDP per capita)","SE.XPD.SECO.PC.ZS","","","","","","","","","","","","","","","","","","","","","","","","","","","","","","","","","","","","","","","","","","","","","","","","","","","12.21752","","","","15.61184","","","","","",
"Uganda","UGA","Government expenditure per student, secondary (% of GDP per capita)","SE.XPD.SECO.PC.ZS","","","","","","","","","","","","","","","","","","","","","","","","","","","","","","","","","","","","","","","","","","","","","","","","","","","","","","","","","","","","",
"Ukraine","UKR","Government expenditure per student, secondary (% of GDP per capita)","SE.XPD.SECO.PC.ZS","","","","","","","","","","","","","","","","","","","","","","","","","","","","","","","","","","","","","","","","","","","","","","","","","","","","27.50638","30.285","30.44893","25.91332","","25.63448","30.27474","","",
"Upper middle income","UMC","Government expenditure per student, secondary (% of GDP per capita)","SE.XPD.SECO.PC.ZS","","","","","","","","","","","","","","","","","","","","","","","","","","","","","","","","","","","","","","","","","","","","","","","","","","","","","","","","","","","","",
"Uruguay","URY","Government expenditure per student, secondary (% of GDP per capita)","SE.XPD.SECO.PC.ZS","","","","","","","","","","","","","","","","","","","","","","","","","","","","","","","","","","","","","","","","10.4582796096802","10.00472","9.5849","8.00957","6.49913","8.45631","9.91911","10.17428","","","","","","","","","","15.74873","16.34971","","",
"United States","USA","Government expenditure per student, secondary (% of GDP per capita)","SE.XPD.SECO.PC.ZS","","","","","","","","","","","","","","","","","","","","","","","","","","","","","","","","","","","","","","","","","","","","","","","","","","","","","","22.58939","22.36455","","22.1348","","","",
"Uzbekistan","UZB","Government expenditure per student, secondary (% of GDP per capita)","SE.XPD.SECO.PC.ZS","","","","","","","","","","","","","","","","","","","","","","","","","","","","","","","","","","","","","","","","","","","","","","","","","","","","","","","","","","","","",
"St. Vincent and the Grenadines","VCT","Government expenditure per student, secondary (% of GDP per capita)","SE.XPD.SECO.PC.ZS","","","","","","","","","","","","","","","","","","","","","","","","","","","","","","","","","","","","","","","","","22.47431","","","","","22.40372","","17.4894","","21.82084","17.64504","18.83714","","21.73329","22.01955","21.1597","20.40482","19.97914","","",
"Venezuela, RB","VEN","Government expenditure per student, secondary (% of GDP per capita)","SE.XPD.SECO.PC.ZS","","","","","","","","","","","","","","","","","","","","","","","","","","","","","","","","","","","","","","","","","","","","","","","8.36792","8.09053","","16.60868","","","","","","14.79092","","","","",
"British Virgin Islands","VGB","Government expenditure per student, secondary (% of GDP per capita)","SE.XPD.SECO.PC.ZS","","","","","","","","","","","","","","","","","","","","","","","","","","","","","","","","","","","","","","","","","","","","","","","","","","","","","","","","","","","","",
"Virgin Islands (U.S.)","VIR","Government expenditure per student, secondary (% of GDP per capita)","SE.XPD.SECO.PC.ZS","","","","","","","","","","","","","","","","","","","","","","","","","","","","","","","","","","","","","","","","","","","","","","","","","","","","","","","","","","","","",
"Vietnam","VNM","Government expenditure per student, secondary (% of GDP per capita)","SE.XPD.SECO.PC.ZS","","","","","","","","","","","","","","","","","","","","","","","","","","","","","","","","","","","","","","","","","","","","","","","","","","","","","","","","","","","","",
"Vanuatu","VUT","Government expenditure per student, secondary (% of GDP per capita)","SE.XPD.SECO.PC.ZS","","","","","","","","","","","","","","","","","","","","","","","","","","","","","","","","","","","","","","","","71.0019683837891","61.35119","88.94142","","","","","","","","","","","","","","20.51489","","","","",
"World","WLD","Government expenditure per student, secondary (% of GDP per capita)","SE.XPD.SECO.PC.ZS","","","","","","","","","","","","","","","","","","","","","","","","","","","","","","","","","","","","","","","","","","","","","","","","","","","","","","","","","","","","",
"Samoa","WSM","Government expenditure per student, secondary (% of GDP per capita)","SE.XPD.SECO.PC.ZS","","","","","","","","","","","","","","","","","","","","","","","","","","","","","","","","","","","","","","","","8.91306018829346","8.45413","9.19054","","","","","","","","","","","","","","","13.03041","","","",
"Kosovo","XKX","Government expenditure per student, secondary (% of GDP per capita)","SE.XPD.SECO.PC.ZS","","","","","","","","","","","","","","","","","","","","","","","","","","","","","","","","","","","","","","","","","","","","","","","","","","","","","","","","","","","","",
"Yemen, Rep.","YEM","Government expenditure per student, secondary (% of GDP per capita)","SE.XPD.SECO.PC.ZS","","","","","","","","","","","","","","","","","","","","","","","","","","","","","","","","","","","","","","","","","","","","","","","","","","","","11.98611","","","","","","","","",
"South Africa","ZAF","Government expenditure per student, secondary (% of GDP per capita)","SE.XPD.SECO.PC.ZS","","","","","","","","","","","","","","","","","","","","","","","","","","","","","","","","","","","","","","","","20.6897106170654","18.12589","17.72523","17.28476","18.5375","19.35242","17.32462","16.53291","17.26583","15.68418","17.49131","19.56493","21.58971","21.18412","","","19.08178","","19.5394","21.27696","",
"Zambia","ZMB","Government expenditure per student, secondary (% of GDP per capita)","SE.XPD.SECO.PC.ZS","","","","","","","","","","","","","","","","","","","","","","","","","","","","","","","","","","","","","","","","","","","","","","","","","","","","","","","","","","","","",
"Zimbabwe","ZWE","Government expenditure per student, secondary (% of GDP per capita)","SE.XPD.SECO.PC.ZS","","","","","","","","","","","","","","","","","","","","","","","","","","","","","","","","","","","","","","","","","","","","","","","","","","","","","24.86149","25.08372","","","","","","",
